Program,revised_program
Cosmetology,Cosmetology
Barbering,Barber
High School Students,Cosmetology
Teacher Program,Instructor
Instructor 750,Instructor
Instructor 500,Instructor
COS to Barber 300,Cosmetology
Class A Barber,Barber
Barber SI 500,Instructor
2020 Cosmetology 1000 hrs,Cosmetology
2020 Class A Barber 1000 hrs,Barber
Cosmo Operator 1500 Master,Cosmetology
Esthetics,Skin
old Student Instructor 750,Instructor
old Student Instructor 250,Instructor
old Student Instructor 750 II,Instructor
Cosmetology II,Cosmetology
Esthetics II,Skin
Student Instructor 250,Instructor
Student Instructor 750,Instructor
Student Instructor 500,Instructor
Cosmetology 1000,Cosmetology
Class A Barber 300,Barber
Cosmetology Old,Cosmetology
Cosmetology Instructor,Instructor
Cosmetology Inst,Instructor
Cosmetology Inst 600,Instructor
Cosmetology Instructor Jr,Instructor
Cosmetology PP,Cosmetology
Student Instructor1000,Instructor
Cosmetology 900,Cosmetology
Barber 900,Barber
Nails,Nails
Barber Stylist 2017 (Old),Barber
Cosmetology 2017,Cosmetology
Barber 2017,Barber
Barber Stylist 2017,Barber
Instructor 1000,Instructor
Esthetics 2017,Skin
Nails 2017,Nails
Cosmetology 1600,Cosmetology
Make-Up,Skin
Barber Stylist,Barber
Cosmetology 1700 Hour,Cosmetology
250 Refresher Course,Cosmetology
Cosmetology DE,Cosmetology
Esthetics DE,Skin
Barbering DE,Barber
Cosmetology Instructor DE,Instructor
Student Instructor,Instructor
Cosmetology Future Learning Leader,Cosmetology
Additional Hours,Cosmetology
Additional Hours 100,Cosmetology
Cosmetology Teacher 1000,Instructor
Cosmetology Teacher 500,Instructor
Cosmetology-09,Cosmetology
Cosmetology 2016,Cosmetology
Cosmo Teacher 1000,Instructor
Managers Program,Instructor
Cosmo Addition Hours,Cosmetology
Cosmetology-08,Cosmetology
Instructor,Instructor
Managing Cosmetology Program,Cosmetology
Cosmetology Program,Cosmetology
43 Wk Cosmetology Program,Cosmetology
Cosmetology 2010,Cosmetology
Cosmetology Credit Part-Time,Cosmetology
Cosmetology Credit,Cosmetology
Cosmetology Credit 2013 PT,Cosmetology
Cosmetology Credit 2013,Cosmetology
Barber Credit Part-Time,Barber
Barbering Credit Part-Time,Barber
Barbering Credit,Barber
Barber Credit,Barber
Cosmetology 2015,Cosmetology
Hairstylist,Hairstyling
Cosmetology 1500,Cosmetology
Esthetician,Skin
Nail Technician,Cosmetology
Esthetician DE,Skin
Hairstyling DE,Hairstyling
1500 Cosmetology Program,Cosmetology
Hair Designer,Hairstyling
Skin,Skin
Cosmetology Full-Time July '06,Cosmetology
Cosmetology Part-Time,Cosmetology
Cosmetology Part-Time July '06,Cosmetology
Skin 08,Skin
Cosmetology 08,Cosmetology
Cosmetology to Barbering,Cosmetology
Skin 2016,Skin
Barbering- DL,Barber
Cosmetology-DL,Cosmetology
Skin-DL,Skin
Barbering 1000,Barber
Cosmetology AY,Cosmetology
Instructor 250,Instructor
Instructor-250,Instructor
Instructor Version 2-500,Instructor
Instructor Version 2-250,Instructor
Instructor Version 3-250,Instructor
Instructor Version 3-500,Instructor
Makeup,Skin
Cosmetology 1800,Cosmetology
New Cosmetology 1800,Cosmetology
Cosmetology Credit (1 semester),Cosmetology
Esthetics Credits,Skin
Skin Care,Skin
Cosmetology1000,Cosmetology
ESTHETICIAN 400,Skin
COSMETOLOGY BRUSH-UP,Cosmetology
ESTHETICIAN BRUSH-UP,Skin
ESTHETICIAN 600,Skin
INSTRUCTOR 600,Instructor
Cosmetology- Tech,Cosmetology
Teacher Training,Instructor
Cosmetology 1300,Cosmetology
Barber,Barber
Barbering 900,Barber
Cosmetology-PT,Cosmetology
Cosmetology-Makeup,Cosmetology
Cosmetology- DE,Cosmetology
Cosmetology-Makeup DE,Cosmetology
Barbering-DE,Barber
Cosmetology DE-1000,Cosmetology
Barbering DE-1000,Barber
Esthetics Future Learning Leader,Skin
MANICURING,Nails
BRUSH-UP,Cosmetology
COSMETOLOGY III,Cosmetology
COSMETOLOGY 4,Cosmetology
Cosmetology - Part Time,Cosmetology
Cosmetology 7/1/06,Cosmetology
Cosmetology - Part Time 7/1/06,Cosmetology
Cosmetology Instructor 600,Instructor
Instructor Training Program,Instructor
Cosmetology 2014,Cosmetology
Cosmetology-DE,Cosmetology
FACIAL,Skin
Cosmetology-Paul Mitchell-PT,Cosmetology
Cosmetology-Paul Mitchell-FT,Cosmetology
Cosmetology-Paul Mitchell-FT Milady,Cosmetology
Cosmetology 1000-DE,Cosmetology
Cosmetology Instructor 650,Instructor
Cosmetology 2011,Cosmetology
Cosmetology Instructor 650 2017,Instructor
C-9 Phase 1,Cosmetology
C-9 Phase 2,Cosmetology
C-9,Cosmetology
Cosmetology 1300-DE,Cosmetology
Aesthetician,Skin
Hair Design,Hairstyling
Provisional Instructor,Instructor
Instructor750,Instructor
Barber Teacher 1000,Instructor
MANICURING 600,Nails
APPRENTICE INSTRUCTOR,Instructor
COSMETOLOGY 2,Cosmetology
MANICURING 2,Nails
APPRENTICE INSTRUCTOR 2,Instructor
COSMETOLOGY 3,Cosmetology
MANICURING 3,Nails
COSMETOLOGY-PM,Cosmetology
COSMETOLOGY-PM08,Cosmetology
COSMETOLOGY-PM11,Cosmetology
Cosmetology-PM17-1500,Cosmetology
APPRENTICE INSTRUCTOR 750,Instructor
Cosmetology 1550,Cosmetology
Instructor Training,Instructor
Cosmetology - AY,Cosmetology
Cosmetology 1600-DE,Cosmetology
Advanced Makeup,Skin
Cosmetology 35,Cosmetology
Cosmetology 45,Cosmetology
Esthetics 900,Skin
Esthetics 750,Skin
Do Not Use,Cosmetology
Cosmetology v2010 (DAY/NIGHT),Cosmetology
Esthetics Nights,Skin
Manicurist,Cosmetology
Manicurist 600,Cosmetology
Cos Crossover to Barber,Cosmetology
Esthetics-2,Skin
Manicurist DE,Cosmetology
Barber 1000,Barber
Student Instructor 1000,Instructor
Student Inst. 1000,Instructor
Student Inst. 500,Instructor
Barber Stylist 1500,Barber
Cosmetology 43 Weeks,Cosmetology
x-Cosmetology,Cosmetology
x-Cosmo- 500 - Teacher,Instructor
x-Esthetics,Skin
x-Cosmo- 500 - Teacher*,Instructor
x-Cosmo- 20 - Clinic Teacher,Instructor
Cosmo- 1000 - Teacher,Instructor
x-Esthetics- 750 - Teacher,Instructor
Esthetics 2010,Skin
Cosmetology 245 hour,Cosmetology
Cosmetology Refresher 400 hour,Cosmetology
Cosmetology 135  hour,Cosmetology
Eyelash Extension,Skin
250  Barber Refresher Course,Barber
Cosmetology-HS,Cosmetology
Cosmetology Instructor 400,Instructor
Nail Specialist,Nails
Cosmetology-1700 Hour,Cosmetology
Nail Instructor,Instructor
Cosmetology-1700 DL,Cosmetology
Esthetics - Parttime,Skin
Cosmetology - Fulltime,Cosmetology
Cosmetology - Parttime,Cosmetology
Esthetics - Fulltime,Skin
Cosmetology -08,Cosmetology
Cosmetology - Fulltime 7/06,Cosmetology
Cosmetology - Parttime 7/06,Cosmetology
Teacher Training 600,Instructor
Braiding,Nails
Cosmetology DE 1000,Cosmetology
Instructor/Learning Leader Course,Instructor
Instructor/Learning Leader 350,Instructor
Cosmetology-2019,Cosmetology
Cosmetology FT,Cosmetology
Cosmetology PT,Cosmetology
Cosmetology FT 7/06,Cosmetology
Cosmetology PT 7/06,Cosmetology
Cosmetology v3,Cosmetology
Cosmetology Refresher,Cosmetology
Massage,Nails
PIL,Instructor
Cosmetology Night,Cosmetology
Nail,Cosmetology
Student Instructor 700,Instructor
Tri Tech Cosmetology,Cosmetology
Cosmetology  7/06,Cosmetology
Master Skin Care,Skin
Basic Skin Care,Skin
Master Skin Care-08,Skin
Master Skin Care HS,Skin
Barbering HS,Barber
Cosmetology-HS 1700 Hour,Cosmetology
Master Skin Care 1300,Skin
Basic Skin Care 2022,Skin
Ultimate MakeUp,Skin
Cosmetology & Ultimate Makeup,Cosmetology
Instructor Course,Instructor
Cosmetology 2000,Cosmetology
Esthetic,Skin
Barbering Crossover,Barber
Advanced Manicuring,Nails
Cosmetology-2010,Cosmetology
REFRESHER,Cosmetology
Cosmetology-2017,Cosmetology
H-Cosmetology,Cosmetology
H-Cosmetology HS,Cosmetology
Cosmetology HS,Cosmetology
Cosmetology - 08,Cosmetology
Cosmetology -July 06,Cosmetology
Esthetics Instructor,Instructor
Esthetics Instructor DE,Instructor
Master Instructor 500,Instructor
Master Instructor 1000,Instructor
Master Instructor 300,Instructor
Student Instructor 900,Instructor
Cosmetology - 1600,Cosmetology
Cosmetology-1600,Cosmetology
Master Esthetics,Skin
Master Esthetics DE,Skin
Cosmetology 1600 DE,Cosmetology
Nail Technician DE,Nails
Basic Skin Care DE,Skin
Master Cosmetology,Cosmetology
Master Cosmetology 2020,Cosmetology
2022 Cosmo Operator 1500 Master,Cosmetology
2022 Cosmetology 1000 hrs,Cosmetology
Copy of Esthetics II,Skin
Cosmetology (old),Cosmetology
Student Instructor1000 (old),Instructor
Cosmetology II (old),Cosmetology
Student Instructor 500 (old),Instructor
Cosmetology 900 (old),Cosmetology
Barber 900 (old),Barber
Nails (old),Nails
Esthetics (old),Skin
Cosmetology 2017 (old),Cosmetology
2022 Esthetics,Skin
2022 Cosmetology 1500,Cosmetology
Instructor Training revised,Instructor
Additional 100 Hour,Cosmetology
Paul Mitchell Cosmetology,Cosmetology
Cosmetology1200,Cosmetology
2022 Cosmetology,Cosmetology
Nails - Parttime,Nails
Nails - Fulltime,Nails
Cosmetology - Fulltime July  06,Cosmetology
Cosmetology - Parttime July 06,Cosmetology
Esthetics - Fulltime July 06,Skin
Nails - Fulltime July 06,Nails
Nails - Parttime July 06,Nails
Learning Leader Program- Fulltime,Instructor
Learning Leader Program- Parttime,Instructor
Esthetics - Parttime July 06,Skin
Esthetics -08,Skin
Nails - Parttime 08,Nails
Learning Leader Program- 12,Instructor
Cosmetology - 1200,Cosmetology
Barbering(old),Barber
2022  Cosmo Operator 1500 Master,Cosmetology
Cosmetology/Barbering,Cosmetology
Cosmetology-Makeup 1245,Cosmetology
Cosmo/Barber 1200,Cosmetology
Cosmetology 1,Cosmetology
Esthetics 1,Skin
Cosm Instructor Program,Instructor
Esthetics 2,Skin
ACE Beauty,Cosmetology
ACE Business,Cosmetology
Cosmetology 2,Cosmetology
Cosmetology 3,Cosmetology
Cosmetology v2.0,Cosmetology
Esthetics 2012,Skin
Esthetics v2.0,Skin
Barbering v1.0,Barber
Esthetics v3.0,Skin
Cosmetology v3.0,Cosmetology
Barbering v3.0,Barber
Nail Technology,Nails
Barbering v4.0,Barber
Cosmetology v4.0,Cosmetology
Barber Instructor,Instructor
Aesthetics,Skin
COSMETOLOGY,Cosmetology
Cosmetology-1700 hour,Cosmetology
COSMETOLOGY 1000,Cosmetology
COSMETOLOGY 2010,Cosmetology
COSMETOLOGY II,Cosmetology
INSTRUCTOR,Instructor
INSTRUCTOR 500,Instructor
Manicuring,Nails
SKIN CARE,Skin
TEACHER TRAINING,Instructor
Cosmetology - Fulltime July  06,Cosmetology
2022  Cosmo Operator 1500 Master,Cosmetology
Cosmetology Hybrid,Cosmetology
LLIT 900,Cosmetology
